{
    "total_products_sold": 95,
    "most_popular_product": "Military",
    "revenue_per_customer": {
        "1": 171.9,
        "3": 197.08,
        "4": 2765.28,
        "5": 4417.9400000000005,
        "6": 3862.88,
        "7": 4327.91,
        "8": 5050.950000000001,
        "9": 6126.02
    }
}